"1","Songwriter"
"2","Songwriter"
"3","Songwriter"
"4","Songwriter"
"5","Songwriter"
"6","Band"
"7","Band"
"8","Band"
"9","Band"
"10","Band"
"11","Band"
"12","Band"
"13","Band"
"14","Band"
"15","Band"
"16","Band"
"17","Band"
"18","Musician"
"18","Songwriter"
"19","Musician"
"19","Songwriter"
"20","Musician"
"20","Songwriter"
"21","Musician"
"21","Songwriter"
"22","Musician"
"22","Songwriter"
"23","Musician"
"23","Songwriter"
"24","Musician"
"24","Songwriter"
"25","Musician"
"25","Songwriter"
"26","Musician"
"26","Songwriter"
"27","Musician"
"27","Songwriter"
"28","Musician"
"28","Songwriter"
"29","Musician"
"29","Songwriter"
"30","Musician"
"30","Songwriter"
"31","Musician"
"31","Songwriter"
"32","Musician"
"32","Songwriter"
"33","Musician"
"33","Songwriter"
"34","Musician"
"34","Songwriter"
"35","Musician"
"35","Songwriter"
"36","Musician"
"36","Songwriter"
"37","Musician"
"37","Songwriter"
"38","Musician"
"38","Songwriter"
"39","Musician"
"39","Songwriter"
"2","Musician"
"40","Musician"
"40","Songwriter"
"41","Musician"
"41","Songwriter"
"42","Musician"
"42","Songwriter"
"43","Musician"
"43","Songwriter"
"44","Musician"
"44","Songwriter"
"45","Musician"
"45","Songwriter"
"48","Musician"
"48","Songwriter"
"49","Musician"
"49","Songwriter"
"50","Musician"
"50","Songwriter"
"51","Musician"
"51","Songwriter"
"52","Musician"
"52","Songwriter"
"53","Musician"
"53","Songwriter"
"54","Musician"
"54","Songwriter"
"55","Musician"
"55","Songwriter"
"57","Musician"
"57","Songwriter"
"1","Musician"
"58","Musician"
"58","Songwriter"
"59","Musician"
"59","Songwriter"
"60","Musician"
"60","Songwriter"
"61","Musician"
"62","Musician"
"63","Band"
